connection,table,column,type,nullable
BaseApp,Cate_AccommodationServices,AccommodationServiceId,int,False
BaseApp,Cate_AccommodationServices,EnterpriseId,int,False
BaseApp,Cate_AccommodationServices,AccommodationClass,int,True
BaseApp,Cate_AccommodationServices,AccommodationClassCertificate,uniqueidentifier,True
BaseApp,Cate_AccommodationServices,IsDeleted,bit,False
BaseApp,Cate_AccommodationServices,CreatedBy,varchar,False
BaseApp,Cate_AccommodationServices,CreatedDate,datetime,False
BaseApp,Cate_AccommodationServices,LastModifiedBy,varchar,True
BaseApp,Cate_AccommodationServices,LastModifiedDate,datetime,True
BaseApp,Cate_AccommodationServices_Certificates,CertificateId,int,False
BaseApp,Cate_AccommodationServices_Certificates,EnterpriseId,int,False
BaseApp,Cate_AccommodationServices_Certificates,SecurityCertificate,uniqueidentifier,True
BaseApp,Cate_AccommodationServices_Certificates,FireProtectionCertificate,uniqueidentifier,True
BaseApp,Cate_AccommodationServices_Certificates,EnvironmentalProtectionCertificate,uniqueidentifier,True
BaseApp,Cate_AccommodationServices_Certificates,HygieneFoodSafetyCertificate,uniqueidentifier,True
BaseApp,Cate_AccommodationServices_Certificates,ConstructionPermit,uniqueidentifier,True
BaseApp,Cate_AccommodationServices_Certificates,IsDeleted,bit,False
BaseApp,Cate_AccommodationServices_Certificates,CreatedBy,varchar,False
BaseApp,Cate_AccommodationServices_Certificates,CreatedDate,datetime,False
BaseApp,Cate_AccommodationServices_Certificates,LastModifiedBy,varchar,True
BaseApp,Cate_AccommodationServices_Certificates,LastModifiedDate,datetime,True
BaseApp,Cate_AccommodationServices_HRInformations,HRInfoId,int,False
BaseApp,Cate_AccommodationServices_HRInformations,EnterpriseId,int,False
BaseApp,Cate_AccommodationServices_HRInformations,TotalStaff,int,True
BaseApp,Cate_AccommodationServices_HRInformations,StaffOnLeader,int,True
BaseApp,Cate_AccommodationServices_HRInformations,StaffOnManager,int,True
BaseApp,Cate_AccommodationServices_HRInformations,StaffOnReceptionist,int,True
BaseApp,Cate_AccommodationServices_HRInformations,StaffOnRestaurant,int,True
BaseApp,Cate_AccommodationServices_HRInformations,StaffOnBar,int,True
BaseApp,Cate_AccommodationServices_HRInformations,StaffOnKitchen,int,True
BaseApp,Cate_AccommodationServices_HRInformations,StaffOnRoom,int,True
BaseApp,Cate_AccommodationServices_HRInformations,StaffOnLiteracyOnCollege,int,True
BaseApp,Cate_AccommodationServices_HRInformations,StaffOnUniversity,int,True
BaseApp,Cate_AccommodationServices_HRInformations,StaffOnCollege,int,True
BaseApp,Cate_AccommodationServices_HRInformations,StaffOnIntermediate,int,True
BaseApp,Cate_AccommodationServices_HRInformations,StaffOnHighSchool,int,True
BaseApp,Cate_AccommodationServices_HRInformations,HaveForeignLanguageCertificate,int,True
BaseApp,Cate_AccommodationServices_HRInformations,HaveProfessionalCertificate,int,True
BaseApp,Cate_AccommodationServices_HRInformations,IsDeleted,bit,False
BaseApp,Cate_AccommodationServices_HRInformations,CreatedBy,varchar,False
BaseApp,Cate_AccommodationServices_HRInformations,CreatedDate,datetime,False
BaseApp,Cate_AccommodationServices_HRInformations,LastModifiedBy,varchar,True
BaseApp,Cate_AccommodationServices_HRInformations,LastModifiedDate,datetime,True
BaseApp,Cate_AccommodationServices_Infrastructures,InfrastructureId,int,False
BaseApp,Cate_AccommodationServices_Infrastructures,EnterpriseId,int,False
BaseApp,Cate_AccommodationServices_Infrastructures,InitialInvestmentCapital,float,True
BaseApp,Cate_AccommodationServices_Infrastructures,UpgradeInvestmentCapital,float,True
BaseApp,Cate_AccommodationServices_Infrastructures,TotalArea,float,True
BaseApp,Cate_AccommodationServices_Infrastructures,TotalConstructionArea,float,True
BaseApp,Cate_AccommodationServices_Infrastructures,TotalRoom,int,True
BaseApp,Cate_AccommodationServices_Infrastructures,IsDeleted,bit,False
BaseApp,Cate_AccommodationServices_Infrastructures,CreatedBy,varchar,False
BaseApp,Cate_AccommodationServices_Infrastructures,CreatedDate,datetime,False
BaseApp,Cate_AccommodationServices_Infrastructures,LastModifiedBy,varchar,True
BaseApp,Cate_AccommodationServices_Infrastructures,LastModifiedDate,datetime,True
BaseApp,Cate_AccommodationServices_Infrastructures_Rooms,InfrastructureRoomId,int,False
BaseApp,Cate_AccommodationServices_Infrastructures_Rooms,EnterpriseId,int,False
BaseApp,Cate_AccommodationServices_Infrastructures_Rooms,RoomType,int,False
BaseApp,Cate_AccommodationServices_Infrastructures_Rooms,TotalRooms,int,False
BaseApp,Cate_AccommodationServices_Infrastructures_Rooms,AnnouncedPrice,float,False
BaseApp,Cate_AccommodationServices_Infrastructures_Rooms,CreatedBy,varchar,False
BaseApp,Cate_AccommodationServices_Infrastructures_Rooms,CreatedDate,datetime,False
BaseApp,Cate_AccommodationServices_Infrastructures_Rooms,LastModifiedBy,varchar,True
BaseApp,Cate_AccommodationServices_Infrastructures_Rooms,LastModifiedDate,datetime,True
BaseApp,Cate_AccommodationServices_TypeServices,AccommodationTypeServiceId,int,False
BaseApp,Cate_AccommodationServices_TypeServices,EnterpriseId,int,False
BaseApp,Cate_AccommodationServices_TypeServices,ServiceId,int,False
BaseApp,Cate_AccommodationServices_TypeServices,ServiceName,nvarchar,True
BaseApp,Cate_AccommodationServices_TypeServices,IsDeleted,bit,False
BaseApp,Cate_AccommodationServices_TypeServices,CreatedBy,varchar,False
BaseApp,Cate_AccommodationServices_TypeServices,CreatedDate,datetime,False
BaseApp,Cate_AccommodationServices_TypeServices,LastModifiedBy,varchar,True
BaseApp,Cate_AccommodationServices_TypeServices,LastModifiedDate,datetime,True
BaseApp,Cate_BusinessEnterprise,EnterpriseId,bigint,False
BaseApp,Cate_BusinessEnterprise,IndustryIds,varchar,True
BaseApp,Cate_BusinessEnterprise,EnterpriseTypeId,int,True
BaseApp,Cate_BusinessEnterprise,EconomicSectorId,int,True
BaseApp,Cate_BusinessEnterprise,EnterpriseStatusId,int,True
BaseApp,Cate_BusinessEnterprise,CreatedBy,nvarchar,True
BaseApp,Cate_BusinessEnterprise,CreatedOn,datetime,False
BaseApp,Cate_BusinessEnterprise,LastModifiedBy,nvarchar,True
BaseApp,Cate_BusinessEnterprise,LastModifiedOn,datetime,True
BaseApp,Cate_BusinessEnterpriseProduct,EnterpriseId,bigint,False
BaseApp,Cate_BusinessEnterpriseProduct,ProductId,int,False
BaseApp,Cate_BusinessEnterpriseProduct,IsMainProduct,bit,False
BaseApp,Cate_BusinessEnterpriseProduct,DisplayOrder,int,False
BaseApp,Cate_BusinessEnterpriseProduct,CreatedBy,nvarchar,True
BaseApp,Cate_BusinessEnterpriseProduct,CreatedOn,datetime,False
BaseApp,Cate_BusinessIndustry,IndustryId,int,False
BaseApp,Cate_BusinessIndustry,IndustryCode,varchar,True
BaseApp,Cate_BusinessIndustry,IndustryName,nvarchar,False
BaseApp,Cate_BusinessIndustry,ParentId,int,True
BaseApp,Cate_BusinessIndustry,DisplayOrder,int,False
BaseApp,Cate_BusinessIndustry,IsActive,bit,False
BaseApp,Cate_BusinessIndustry,IsDeleted,bit,False
BaseApp,Cate_BusinessIndustry,CreatedBy,nvarchar,True
BaseApp,Cate_BusinessIndustry,CreatedOn,datetime,False
BaseApp,Cate_BusinessIndustry,LastModifiedBy,nvarchar,True
BaseApp,Cate_BusinessIndustry,LastModifiedOn,datetime,True
BaseApp,Cate_BusinessIndustry,ParentCode,varchar,True
BaseApp,Cate_BusinessIndustry,IsLevel,int,True
BaseApp,Cate_BusinessProduct,ProductId,int,False
BaseApp,Cate_BusinessProduct,ProductCode,varchar,True
BaseApp,Cate_BusinessProduct,ProductName,nvarchar,False
BaseApp,Cate_BusinessProduct,IndustryId,int,True
BaseApp,Cate_BusinessProduct,ParentId,int,True
BaseApp,Cate_BusinessProduct,Unit,nvarchar,True
BaseApp,Cate_BusinessProduct,DisplayOrder,int,False
BaseApp,Cate_BusinessProduct,IsActive,bit,False
BaseApp,Cate_BusinessProduct,IsDeleted,bit,False
BaseApp,Cate_BusinessProduct,CreatedBy,nvarchar,True
BaseApp,Cate_BusinessProduct,CreatedOn,datetime,False
BaseApp,Cate_BusinessProduct,LastModifiedBy,nvarchar,True
BaseApp,Cate_BusinessProduct,LastModifiedOn,datetime,True
BaseApp,Cate_BusinessProduct,ParentCode,varchar,True
BaseApp,Cate_BusinessProduct,IsLevel,int,True
BaseApp,Cate_Continents,ContinentId,int,False
BaseApp,Cate_Continents,ContinentName,nvarchar,False
BaseApp,Cate_Continents,IsDeleted,bit,False
BaseApp,Cate_Continents,CreatedBy,nvarchar,True
BaseApp,Cate_Continents,CreatedDate,datetime,False
BaseApp,Cate_Continents,LastModifiedBy,nvarchar,True
BaseApp,Cate_Continents,LastModifiedDate,datetime,True
BaseApp,Cate_Docs,FileId,uniqueidentifier,False
BaseApp,Cate_Docs,TypeObject,varchar,False
BaseApp,Cate_Docs,ObjectId,int,False
BaseApp,Cate_Docs,FilePath,nvarchar,False
BaseApp,Cate_Docs,FileName,nvarchar,False
BaseApp,Cate_Docs,FileExt,nvarchar,False
BaseApp,Cate_Docs,ContentType,nvarchar,True
BaseApp,Cate_Docs,IsDeleted,bit,False
BaseApp,Cate_Docs,CreatedBy,varchar,False
BaseApp,Cate_Docs,CreatedDate,datetime,False
BaseApp,Cate_Docs,LastModifiedBy,varchar,True
BaseApp,Cate_Docs,LastModifiedDate,datetime,True
BaseApp,Cate_EconomicSector,EconomicSectorId,int,False
BaseApp,Cate_EconomicSector,Code,varchar,False
BaseApp,Cate_EconomicSector,Name,nvarchar,False
BaseApp,Cate_EconomicSector,DisplayOrder,int,False
BaseApp,Cate_EconomicSector,IsActive,bit,False
BaseApp,Cate_EconomicSector,IsDeleted,bit,False
BaseApp,Cate_EconomicSector,CreatedBy,nvarchar,True
BaseApp,Cate_EconomicSector,CreatedOn,datetime,False
BaseApp,Cate_EconomicSector,LastModifiedBy,nvarchar,True
BaseApp,Cate_EconomicSector,LastModifiedOn,datetime,True
BaseApp,Cate_EnterprisePermissions,EnterpriseId,int,True
BaseApp,Cate_EnterprisePermissions,ForUser,varchar,True
BaseApp,Cate_EnterpriseRegisterNotifies,EnterpriseID,int,False
BaseApp,Cate_EnterpriseRegisterNotifies,HasProcessed,bit,False
BaseApp,Cate_EnterpriseRegisterNotifies,CompletedBy,varchar,True
BaseApp,Cate_EnterpriseRegisterNotifies,CompletedDate,datetime,True
BaseApp,Cate_EnterpriseRegisterNotifies,CreatedDate,datetime,False
BaseApp,Cate_Enterprises,EnterpriseId,int,False
BaseApp,Cate_Enterprises,OwnerEnterpriseName,nvarchar,True
BaseApp,Cate_Enterprises,BusinessName,nvarchar,True
BaseApp,Cate_Enterprises,TaxCode,varchar,True
BaseApp,Cate_Enterprises,BusinessAddress,nvarchar,True
BaseApp,Cate_Enterprises,StreetName,nvarchar,True
BaseApp,Cate_Enterprises,WardId,int,True
BaseApp,Cate_Enterprises,WardName,nvarchar,True
BaseApp,Cate_Enterprises,DistrictId,int,True
BaseApp,Cate_Enterprises,DistrictName,nvarchar,True
BaseApp,Cate_Enterprises,ProvinceId,int,True
BaseApp,Cate_Enterprises,ProvinceName,nvarchar,True
BaseApp,Cate_Enterprises,TypeBusiness,varchar,True
BaseApp,Cate_Enterprises,TypeBusinessName,nvarchar,True
BaseApp,Cate_Enterprises,LegalRepresentationName,nvarchar,True
BaseApp,Cate_Enterprises,LegalRepresentationPhone,varchar,True
BaseApp,Cate_Enterprises,LegalRepresentationEmail,varchar,True
BaseApp,Cate_Enterprises,Phone,varchar,True
BaseApp,Cate_Enterprises,Website,varchar,True
BaseApp,Cate_Enterprises,Email,varchar,True
BaseApp,Cate_Enterprises,IsActive,bit,False
BaseApp,Cate_Enterprises,IsDeleted,bit,False
BaseApp,Cate_Enterprises,CreatedBy,varchar,False
BaseApp,Cate_Enterprises,CreatedDate,datetime,False
BaseApp,Cate_Enterprises,LastModifiedBy,varchar,True
BaseApp,Cate_Enterprises,LastModifiedDate,datetime,True
BaseApp,Cate_Enterprises,IsApproved,bit,True
BaseApp,Cate_EnterpriseStatus,EnterpriseStatusId,int,False
BaseApp,Cate_EnterpriseStatus,Code,varchar,False
BaseApp,Cate_EnterpriseStatus,Name,nvarchar,False
BaseApp,Cate_EnterpriseStatus,DisplayOrder,int,False
BaseApp,Cate_EnterpriseStatus,IsActive,bit,False
BaseApp,Cate_EnterpriseStatus,IsDeleted,bit,False
BaseApp,Cate_EnterpriseStatus,CreatedBy,nvarchar,True
BaseApp,Cate_EnterpriseStatus,CreatedOn,datetime,False
BaseApp,Cate_EnterpriseStatus,LastModifiedBy,nvarchar,True
BaseApp,Cate_EnterpriseStatus,LastModifiedOn,datetime,True
BaseApp,Cate_EnterpriseType,EnterpriseTypeId,int,False
BaseApp,Cate_EnterpriseType,Code,varchar,False
BaseApp,Cate_EnterpriseType,Name,nvarchar,False
BaseApp,Cate_EnterpriseType,DisplayOrder,int,False
BaseApp,Cate_EnterpriseType,IsActive,bit,False
BaseApp,Cate_EnterpriseType,IsDeleted,bit,False
BaseApp,Cate_EnterpriseType,CreatedBy,nvarchar,True
BaseApp,Cate_EnterpriseType,CreatedOn,datetime,False
BaseApp,Cate_EnterpriseType,LastModifiedBy,nvarchar,True
BaseApp,Cate_EnterpriseType,LastModifiedOn,datetime,True
BaseApp,Cate_NationalCodes,Alpha2,varchar,True
BaseApp,Cate_NationalCodes,Alpha3,varchar,True
BaseApp,Cate_Nationals,NationalId,int,False
BaseApp,Cate_Nationals,NationalCodeAlpha2,varchar,True
BaseApp,Cate_Nationals,NationalCode,varchar,True
BaseApp,Cate_Nationals,NationalName,nvarchar,True
BaseApp,Cate_Nationals,ContinentId,int,True
BaseApp,Cate_Nationals,ContinentName,nvarchar,True
BaseApp,Cate_Nationals,IsDeleted,bit,False
BaseApp,Cate_Nationals,CreatedBy,varchar,False
BaseApp,Cate_Nationals,CreatedDate,datetime,False
BaseApp,Cate_Nationals,LastModifiedBy,varchar,True
BaseApp,Cate_Nationals,LastModifiedDate,datetime,True
BaseApp,Cate_Provinces,ProvinceId,int,False
BaseApp,Cate_Provinces,ProvinceCode,varchar,True
BaseApp,Cate_Provinces,ProvinceName,nvarchar,True
BaseApp,Cate_Provinces,IsDeleted,bit,False
BaseApp,Cate_Provinces,UserCreated,varchar,False
BaseApp,Cate_Provinces,DateCreated,datetime,False
BaseApp,Cate_Provinces,UserUpdated,varchar,True
BaseApp,Cate_Provinces,DateUpdated,datetime,True
BaseApp,Cate_PublicCates,CateId,int,False
BaseApp,Cate_PublicCates,CateName,nvarchar,False
BaseApp,Cate_PublicCates,CateTypeId,int,True
BaseApp,Cate_PublicCates,CateTypeName,nvarchar,True
BaseApp,Cate_PublicCates,IsDeleted,bit,False
BaseApp,Cate_PublicCates,CreatedBy,varchar,False
BaseApp,Cate_PublicCates,CreatedDate,datetime,False
BaseApp,Cate_PublicCates,LastModifiedBy,varchar,True
BaseApp,Cate_PublicCates,LastModifiedDate,datetime,True
BaseApp,Cate_ServicesForTourists,ServicesForTouristId,int,False
BaseApp,Cate_ServicesForTourists,EnterpriseId,int,False
BaseApp,Cate_ServicesForTourists,TypeServicesForTourists,varchar,True
BaseApp,Cate_ServicesForTourists,IsDeleted,bit,False
BaseApp,Cate_ServicesForTourists,CreatedBy,varchar,False
BaseApp,Cate_ServicesForTourists,CreatedDate,datetime,False
BaseApp,Cate_ServicesForTourists,LastModifiedBy,varchar,True
BaseApp,Cate_ServicesForTourists,LastModifiedDate,datetime,True
BaseApp,Cate_ServicesForTourists_Certificates,CertificateId,int,False
BaseApp,Cate_ServicesForTourists_Certificates,EnterpriseId,int,False
BaseApp,Cate_ServicesForTourists_Certificates,LicenseFile,uniqueidentifier,False
BaseApp,Cate_ServicesForTourists_Certificates,LicenseNumber,varchar,False
BaseApp,Cate_ServicesForTourists_Certificates,ReleaseDate,date,False
BaseApp,Cate_ServicesForTourists_Certificates,IsDeleted,bit,False
BaseApp,Cate_ServicesForTourists_Certificates,CreatedBy,varchar,False
BaseApp,Cate_ServicesForTourists_Certificates,CreatedDate,datetime,False
BaseApp,Cate_ServicesForTourists_Certificates,LastModifiedBy,varchar,True
BaseApp,Cate_ServicesForTourists_Certificates,LastModifiedDate,datetime,True
BaseApp,Cate_ServicesForTourists_HRInformations,HRInfoId,int,False
BaseApp,Cate_ServicesForTourists_HRInformations,EnterpriseId,int,False
BaseApp,Cate_ServicesForTourists_HRInformations,TotalStaff,int,True
BaseApp,Cate_ServicesForTourists_HRInformations,StaffOnLiteracyOnCollege,int,True
BaseApp,Cate_ServicesForTourists_HRInformations,StaffOnUniversity,int,True
BaseApp,Cate_ServicesForTourists_HRInformations,StaffOnCollege,int,True
BaseApp,Cate_ServicesForTourists_HRInformations,StaffOnIntermediate,int,True
BaseApp,Cate_ServicesForTourists_HRInformations,StaffOnHighSchool,int,True
BaseApp,Cate_ServicesForTourists_HRInformations,IsDeleted,bit,False
BaseApp,Cate_ServicesForTourists_HRInformations,CreatedBy,varchar,False
BaseApp,Cate_ServicesForTourists_HRInformations,CreatedDate,datetime,False
BaseApp,Cate_ServicesForTourists_HRInformations,LastModifiedBy,varchar,True
BaseApp,Cate_ServicesForTourists_HRInformations,LastModifiedDate,datetime,True
BaseApp,Cate_ServicesForTourists_Infrastructures,InfrastructureId,int,False
BaseApp,Cate_ServicesForTourists_Infrastructures,EnterpriseId,int,False
BaseApp,Cate_ServicesForTourists_Infrastructures,InitialInvestmentCapital,float,False
BaseApp,Cate_ServicesForTourists_Infrastructures,UpgradeInvestmentCapital,float,True
BaseApp,Cate_ServicesForTourists_Infrastructures,TotalArea,float,True
BaseApp,Cate_ServicesForTourists_Infrastructures,IsDeleted,bit,False
BaseApp,Cate_ServicesForTourists_Infrastructures,CreatedBy,varchar,False
BaseApp,Cate_ServicesForTourists_Infrastructures,CreatedDate,datetime,False
BaseApp,Cate_ServicesForTourists_Infrastructures,LastModifiedBy,varchar,True
BaseApp,Cate_ServicesForTourists_Infrastructures,LastModifiedDate,datetime,True
BaseApp,Cate_Streets,StreetId,int,False
BaseApp,Cate_Streets,ParentId,int,True
BaseApp,Cate_Streets,StreetCode,varchar,True
BaseApp,Cate_Streets,StreetName,nvarchar,True
BaseApp,Cate_Streets,IsDeleted,bit,False
BaseApp,Cate_Streets,UserCreated,varchar,False
BaseApp,Cate_Streets,DateCreated,datetime,False
BaseApp,Cate_Streets,UserUpdated,varchar,True
BaseApp,Cate_Streets,DateUpdated,datetime,True
BaseApp,Cate_Teams,TeamId,int,False
BaseApp,Cate_Teams,WardId,int,False
BaseApp,Cate_Teams,TeamCode,varchar,True
BaseApp,Cate_Teams,TeamName,nvarchar,True
BaseApp,Cate_Teams,IsDeleted,bit,False
BaseApp,Cate_Teams,UserCreated,varchar,False
BaseApp,Cate_Teams,DateCreated,datetime,False
BaseApp,Cate_Teams,UserUpdated,varchar,True
BaseApp,Cate_Teams,DateUpdated,datetime,True
BaseApp,Cate_TouristAttractions,TouristAttractionId,int,False
BaseApp,Cate_TouristAttractions,EnterpriseId,int,False
BaseApp,Cate_TouristAttractions,TypeTourismActivities,varchar,True
BaseApp,Cate_TouristAttractions,IsDeleted,bit,False
BaseApp,Cate_TouristAttractions,CreatedBy,varchar,False
BaseApp,Cate_TouristAttractions,CreatedDate,datetime,False
BaseApp,Cate_TouristAttractions,LastModifiedBy,varchar,True
BaseApp,Cate_TouristAttractions,LastModifiedDate,datetime,True
BaseApp,Cate_TouristAttractions_Certificates,CertificateId,int,False
BaseApp,Cate_TouristAttractions_Certificates,EnterpriseId,int,False
BaseApp,Cate_TouristAttractions_Certificates,LicenseFile,uniqueidentifier,False
BaseApp,Cate_TouristAttractions_Certificates,LicenseNumber,varchar,False
BaseApp,Cate_TouristAttractions_Certificates,ReleaseDate,date,False
BaseApp,Cate_TouristAttractions_Certificates,IsDeleted,bit,False
BaseApp,Cate_TouristAttractions_Certificates,CreatedBy,varchar,False
BaseApp,Cate_TouristAttractions_Certificates,CreatedDate,datetime,False
BaseApp,Cate_TouristAttractions_Certificates,LastModifiedBy,varchar,True
BaseApp,Cate_TouristAttractions_Certificates,LastModifiedDate,datetime,True
BaseApp,Cate_TouristAttractions_HRInformations,HRInfoId,int,False
BaseApp,Cate_TouristAttractions_HRInformations,EnterpriseId,int,False
BaseApp,Cate_TouristAttractions_HRInformations,TotalStaff,int,True
BaseApp,Cate_TouristAttractions_HRInformations,StaffOnLiteracyOnCollege,int,True
BaseApp,Cate_TouristAttractions_HRInformations,StaffOnUniversity,int,True
BaseApp,Cate_TouristAttractions_HRInformations,StaffOnCollege,int,True
BaseApp,Cate_TouristAttractions_HRInformations,StaffOnIntermediate,int,True
BaseApp,Cate_TouristAttractions_HRInformations,StaffOnHighSchool,int,True
BaseApp,Cate_TouristAttractions_HRInformations,IsDeleted,bit,False
BaseApp,Cate_TouristAttractions_HRInformations,CreatedBy,varchar,False
BaseApp,Cate_TouristAttractions_HRInformations,CreatedDate,datetime,False
BaseApp,Cate_TouristAttractions_HRInformations,LastModifiedBy,varchar,True
BaseApp,Cate_TouristAttractions_HRInformations,LastModifiedDate,datetime,True
BaseApp,Cate_TouristAttractions_Infrastructures,InfrastructureId,int,False
BaseApp,Cate_TouristAttractions_Infrastructures,EnterpriseId,int,False
BaseApp,Cate_TouristAttractions_Infrastructures,InitialInvestmentCapital,float,False
BaseApp,Cate_TouristAttractions_Infrastructures,UpgradeInvestmentCapital,float,True
BaseApp,Cate_TouristAttractions_Infrastructures,TotalArea,float,True
BaseApp,Cate_TouristAttractions_Infrastructures,IsDeleted,bit,False
BaseApp,Cate_TouristAttractions_Infrastructures,CreatedBy,varchar,False
BaseApp,Cate_TouristAttractions_Infrastructures,CreatedDate,datetime,False
BaseApp,Cate_TouristAttractions_Infrastructures,LastModifiedBy,varchar,True
BaseApp,Cate_TouristAttractions_Infrastructures,LastModifiedDate,datetime,True
BaseApp,Cate_TouristAttractions_TypeServices,TouristAttractionTypeServiceId,int,False
BaseApp,Cate_TouristAttractions_TypeServices,EnterpriseId,int,False
BaseApp,Cate_TouristAttractions_TypeServices,ServiceName,nvarchar,True
BaseApp,Cate_TouristAttractions_TypeServices,IsDeleted,bit,False
BaseApp,Cate_TouristAttractions_TypeServices,CreatedBy,varchar,False
BaseApp,Cate_TouristAttractions_TypeServices,CreatedDate,datetime,False
BaseApp,Cate_TouristAttractions_TypeServices,LastModifiedBy,varchar,True
BaseApp,Cate_TouristAttractions_TypeServices,LastModifiedDate,datetime,True
BaseApp,Cate_TransportTouristsServices_Certificates,CertificateId,int,False
BaseApp,Cate_TransportTouristsServices_Certificates,EnterpriseId,int,False
BaseApp,Cate_TransportTouristsServices_Certificates,LicenseFile,uniqueidentifier,False
BaseApp,Cate_TransportTouristsServices_Certificates,LicenseNumber,varchar,False
BaseApp,Cate_TransportTouristsServices_Certificates,ReleaseDate,date,False
BaseApp,Cate_TransportTouristsServices_Certificates,TimeRelease,int,False
BaseApp,Cate_TransportTouristsServices_Certificates,WaterWay,bit,False
BaseApp,Cate_TransportTouristsServices_Certificates,Road,bit,False
BaseApp,Cate_TransportTouristsServices_Certificates,IsDeleted,bit,False
BaseApp,Cate_TransportTouristsServices_Certificates,CreatedBy,varchar,False
BaseApp,Cate_TransportTouristsServices_Certificates,CreatedDate,datetime,False
BaseApp,Cate_TransportTouristsServices_Certificates,LastModifiedBy,varchar,True
BaseApp,Cate_TransportTouristsServices_Certificates,LastModifiedDate,datetime,True
BaseApp,Cate_TransportTouristsServices_HRInformations,HRInfoId,int,False
BaseApp,Cate_TransportTouristsServices_HRInformations,EnterpriseId,int,False
BaseApp,Cate_TransportTouristsServices_HRInformations,TotalStaff,int,True
BaseApp,Cate_TransportTouristsServices_HRInformations,StaffOnLiteracyOnCollege,int,True
BaseApp,Cate_TransportTouristsServices_HRInformations,StaffOnUniversity,int,True
BaseApp,Cate_TransportTouristsServices_HRInformations,StaffOnCollege,int,True
BaseApp,Cate_TransportTouristsServices_HRInformations,StaffOnIntermediate,int,True
BaseApp,Cate_TransportTouristsServices_HRInformations,StaffOnHighSchool,int,True
BaseApp,Cate_TransportTouristsServices_HRInformations,IsDeleted,bit,False
BaseApp,Cate_TransportTouristsServices_HRInformations,CreatedBy,varchar,False
BaseApp,Cate_TransportTouristsServices_HRInformations,CreatedDate,datetime,False
BaseApp,Cate_TransportTouristsServices_HRInformations,LastModifiedBy,varchar,True
BaseApp,Cate_TransportTouristsServices_HRInformations,LastModifiedDate,datetime,True
BaseApp,Cate_TransportTouristsServices_Infrastructures,InfrastructureId,int,False
BaseApp,Cate_TransportTouristsServices_Infrastructures,EnterpriseId,int,False
BaseApp,Cate_TransportTouristsServices_Infrastructures,TotalTransports,int,True
BaseApp,Cate_TransportTouristsServices_Infrastructures,IsDeleted,bit,False
BaseApp,Cate_TransportTouristsServices_Infrastructures,CreatedBy,varchar,False
BaseApp,Cate_TransportTouristsServices_Infrastructures,CreatedDate,datetime,False
BaseApp,Cate_TransportTouristsServices_Infrastructures,LastModifiedBy,varchar,True
BaseApp,Cate_TransportTouristsServices_Infrastructures,LastModifiedDate,datetime,True
BaseApp,Cate_TransportTouristsServices_Infrastructures_ClassTransports,InfrastructureClassTransportId,int,False
BaseApp,Cate_TransportTouristsServices_Infrastructures_ClassTransports,EnterpriseId,int,False
BaseApp,Cate_TransportTouristsServices_Infrastructures_ClassTransports,TypeTransport,int,False
BaseApp,Cate_TransportTouristsServices_Infrastructures_ClassTransports,TypeTransportName,nvarchar,False
BaseApp,Cate_TransportTouristsServices_Infrastructures_ClassTransports,ClassTransportName,nvarchar,False
BaseApp,Cate_TransportTouristsServices_Infrastructures_ClassTransports,TotalTransport,int,True
BaseApp,Cate_TransportTouristsServices_Infrastructures_ClassTransports,CreatedBy,varchar,False
BaseApp,Cate_TransportTouristsServices_Infrastructures_ClassTransports,CreatedDate,datetime,False
BaseApp,Cate_TransportTouristsServices_Infrastructures_ClassTransports,LastModifiedBy,varchar,True
BaseApp,Cate_TransportTouristsServices_Infrastructures_ClassTransports,LastModifiedDate,datetime,True
BaseApp,Cate_TravelingServices_BranchOffices,BranchOfficeId,int,False
BaseApp,Cate_TravelingServices_BranchOffices,EnterpriseId,int,False
BaseApp,Cate_TravelingServices_BranchOffices,BranchName,nvarchar,False
BaseApp,Cate_TravelingServices_BranchOffices,BranchAddress,nvarchar,True
BaseApp,Cate_TravelingServices_BranchOffices,IsDeleted,bit,False
BaseApp,Cate_TravelingServices_BranchOffices,CreatedBy,varchar,False
BaseApp,Cate_TravelingServices_BranchOffices,CreatedDate,datetime,False
BaseApp,Cate_TravelingServices_BranchOffices,LastModifiedBy,varchar,True
BaseApp,Cate_TravelingServices_BranchOffices,LastModifiedDate,datetime,True
BaseApp,Cate_TravelingServices_Certificates,CertificateId,int,False
BaseApp,Cate_TravelingServices_Certificates,EnterpriseId,int,False
BaseApp,Cate_TravelingServices_Certificates,LicenseFile,uniqueidentifier,False
BaseApp,Cate_TravelingServices_Certificates,LicenseNumber,varchar,False
BaseApp,Cate_TravelingServices_Certificates,ReleaseDate,date,False
BaseApp,Cate_TravelingServices_Certificates,TimeRelease,int,False
BaseApp,Cate_TravelingServices_Certificates,Inbound,bit,False
BaseApp,Cate_TravelingServices_Certificates,Outbound,bit,False
BaseApp,Cate_TravelingServices_Certificates,IsDeleted,bit,False
BaseApp,Cate_TravelingServices_Certificates,CreatedBy,varchar,False
BaseApp,Cate_TravelingServices_Certificates,CreatedDate,datetime,False
BaseApp,Cate_TravelingServices_Certificates,LastModifiedBy,varchar,True
BaseApp,Cate_TravelingServices_Certificates,LastModifiedDate,datetime,True
BaseApp,Cate_TravelingServices_CertificateTravelEscrows,CertificateTravelEscrowId,int,False
BaseApp,Cate_TravelingServices_CertificateTravelEscrows,EnterpriseId,int,False
BaseApp,Cate_TravelingServices_CertificateTravelEscrows,CertificateId,uniqueidentifier,False
BaseApp,Cate_TravelingServices_CertificateTravelEscrows,BankName,nvarchar,False
BaseApp,Cate_TravelingServices_CertificateTravelEscrows,BankAccountNo,varchar,False
BaseApp,Cate_TravelingServices_CertificateTravelEscrows,Amount,float,False
BaseApp,Cate_TravelingServices_CertificateTravelEscrows,IsDeleted,bit,False
BaseApp,Cate_TravelingServices_CertificateTravelEscrows,CreatedBy,varchar,False
BaseApp,Cate_TravelingServices_CertificateTravelEscrows,CreatedDate,datetime,False
BaseApp,Cate_TravelingServices_CertificateTravelEscrows,LastModifiedBy,varchar,True
BaseApp,Cate_TravelingServices_CertificateTravelEscrows,LastModifiedDate,datetime,True
BaseApp,Cate_TravelingServices_HRInformations,HRInfoId,int,False
BaseApp,Cate_TravelingServices_HRInformations,EnterpriseId,int,False
BaseApp,Cate_TravelingServices_HRInformations,TotalStaff,int,True
BaseApp,Cate_TravelingServices_HRInformations,StaffOnLeader,int,True
BaseApp,Cate_TravelingServices_HRInformations,StaffOnManager,int,True
BaseApp,Cate_TravelingServices_HRInformations,TourGuide,int,True
BaseApp,Cate_TravelingServices_HRInformations,StaffOnLiteracyOnCollege,int,True
BaseApp,Cate_TravelingServices_HRInformations,StaffOnUniversity,int,True
BaseApp,Cate_TravelingServices_HRInformations,StaffOnCollege,int,True
BaseApp,Cate_TravelingServices_HRInformations,StaffOnIntermediate,int,True
BaseApp,Cate_TravelingServices_HRInformations,StaffOnHighSchool,int,True
BaseApp,Cate_TravelingServices_HRInformations,IsDeleted,bit,False
BaseApp,Cate_TravelingServices_HRInformations,CreatedBy,varchar,False
BaseApp,Cate_TravelingServices_HRInformations,CreatedDate,datetime,False
BaseApp,Cate_TravelingServices_HRInformations,LastModifiedBy,varchar,True
BaseApp,Cate_TravelingServices_HRInformations,LastModifiedDate,datetime,True
BaseApp,Cate_Wards,WardId,int,False
BaseApp,Cate_Wards,ProvinceId,int,False
BaseApp,Cate_Wards,DistrictId,int,True
BaseApp,Cate_Wards,WardCode,varchar,True
BaseApp,Cate_Wards,WardName,nvarchar,True
BaseApp,Cate_Wards,IsDeleted,bit,False
BaseApp,Cate_Wards,UserCreated,varchar,False
BaseApp,Cate_Wards,DateCreated,datetime,False
BaseApp,Cate_Wards,UserUpdated,varchar,True
BaseApp,Cate_Wards,DateUpdated,datetime,True
BaseApp,Cate_Wards_Streets,WardId,int,False
BaseApp,Cate_Wards_Streets,StreetId,int,False
BaseApp,Stg_UserImport,EnterpriseId,int,False
BaseApp,Stg_UserImport,BusinessName,nvarchar,False
BaseApp,Stg_UserImport,UserName,varchar,False
BaseApp,Stg_UserImport,Email,varchar,True
BaseApp,Stg_UserImport,Password,varchar,True
BaseApp,Stg_UserImport,Processed,bit,False
BaseApp,Stg_UserImport,UserId,int,True
BaseApp,Stg_UserImport,ResultCode,int,True
BaseApp,Stg_UserImport,ErrorMessage,nvarchar,True
BaseApp,Stg_UserImport,CreatedAt,datetime,False
BaseApp,Stg_UserImport,ProcessedAt,datetime,True
BaseApp,Stg_UserImport,Salt,varchar,True
BaseApp,Sys_Configs,ConfigId,int,False
BaseApp,Sys_Configs,ConfigKey,varchar,False
BaseApp,Sys_Configs,ConfigValue,nvarchar,True
BaseApp,Sys_Configs,ConfigDesc,nvarchar,True
BaseApp,Sys_Configs,IsDeleted,bit,False
BaseApp,Sys_Configs,CreatedBy,varchar,False
BaseApp,Sys_Configs,CreatedDate,datetime,False
BaseApp,Sys_Configs,LastModifiedBy,varchar,True
BaseApp,Sys_Configs,LastModifiedDate,datetime,True
BaseApp,Sys_ContentPanel,ContentPanelId,int,False
BaseApp,Sys_ContentPanel,ContentPanelName,nvarchar,True
BaseApp,Sys_ContentPanel,Note,nvarchar,True
BaseApp,Sys_ContentPanel,LayoutId,int,True
BaseApp,Sys_ContentPanel,WidthCol,int,False
BaseApp,Sys_ContentPanel,Creator,nvarchar,True
BaseApp,Sys_ContentPanel,CreateDated,datetime,True
BaseApp,Sys_ContentPanel,Updater,nvarchar,True
BaseApp,Sys_ContentPanel,UpdateDated,datetime,True
BaseApp,Sys_ContentPanel,Deleted,bit,False
BaseApp,Sys_FunctionActions,FunctionActionId,int,False
BaseApp,Sys_FunctionActions,FunctionId,int,False
BaseApp,Sys_FunctionActions,Action,varchar,False
BaseApp,Sys_FunctionActions,IsDeleted,bit,False
BaseApp,Sys_Functions,FunctionId,int,False
BaseApp,Sys_Functions,ModuleId,int,True
BaseApp,Sys_Functions,Area,varchar,True
BaseApp,Sys_Functions,Name,varchar,True
BaseApp,Sys_Functions,Description,nvarchar,True
BaseApp,Sys_Functions,IsDeleted,bit,False
BaseApp,Sys_IPRequest,IP,varchar,False
BaseApp,Sys_IPRequest,IsLock,bit,True
BaseApp,Sys_IPRequest,LastestRequest,datetime,True
BaseApp,Sys_Jobs,JobId,uniqueidentifier,False
BaseApp,Sys_Jobs,JobName,nvarchar,True
BaseApp,Sys_Jobs,JobDescription,nvarchar,True
BaseApp,Sys_Jobs,CronExpression,varchar,True
BaseApp,Sys_Jobs,JobLibrary,varchar,True
BaseApp,Sys_Jobs,IsActive,bit,False
BaseApp,Sys_Jobs,IsDeleted,bit,False
BaseApp,Sys_Jobs,CreatedBy,varchar,False
BaseApp,Sys_Jobs,CreatedDate,datetime,False
BaseApp,Sys_Jobs,LastModifiedBy,varchar,True
BaseApp,Sys_Jobs,LastModifiedDate,datetime,True
BaseApp,Sys_Layout,LayoutId,int,False
BaseApp,Sys_Layout,LayoutName,nvarchar,True
BaseApp,Sys_Layout,LayoutView,nvarchar,True
BaseApp,Sys_Layout,Note,nvarchar,True
BaseApp,Sys_Layout,NumberCol,int,False
BaseApp,Sys_Layout,NumberContentPanel,int,False
BaseApp,Sys_Layout,Creator,nvarchar,True
BaseApp,Sys_Layout,CreateDated,datetime,True
BaseApp,Sys_Layout,Updater,nvarchar,True
BaseApp,Sys_Layout,UpdateDated,datetime,True
BaseApp,Sys_Layout,Activated,bit,False
BaseApp,Sys_Layout,Deleted,bit,False
BaseApp,Sys_Menus,MenuId,int,False
BaseApp,Sys_Menus,Name,nvarchar,True
BaseApp,Sys_Menus,Position,int,True
BaseApp,Sys_Menus,LevelMenu,int,True
BaseApp,Sys_Menus,Depth,varchar,True
BaseApp,Sys_Menus,ParentId,int,True
BaseApp,Sys_Menus,Link,varchar,True
BaseApp,Sys_Menus,Icon,nvarchar,True
BaseApp,Sys_Menus,FunctionActionId,int,True
BaseApp,Sys_Menus,IsShow,bit,False
BaseApp,Sys_Menus,IsDelete,bit,False
BaseApp,Sys_Messages,LangCode,varchar,False
BaseApp,Sys_Messages,LabelKey,varchar,False
BaseApp,Sys_Messages,Message,ntext,True
BaseApp,Sys_Module_ContentPanel,MCPId,int,False
BaseApp,Sys_Module_ContentPanel,UserId,int,False
BaseApp,Sys_Module_ContentPanel,ContentPanelId,int,False
BaseApp,Sys_Module_ContentPanel,ModuleId,int,False
BaseApp,Sys_Module_ContentPanel,OrderBy,int,True
BaseApp,Sys_Module_ContentPanel,Creator,nvarchar,True
BaseApp,Sys_Module_ContentPanel,CreateDated,datetime,True
BaseApp,Sys_Module_ContentPanel,Updater,nvarchar,True
BaseApp,Sys_Module_ContentPanel,UpdateDated,datetime,True
BaseApp,Sys_Module_ContentPanel,Deleted,bit,False
BaseApp,Sys_Modules,ModuleId,int,False
BaseApp,Sys_Modules,ModuleName,nvarchar,True
BaseApp,Sys_Modules,AssemblyName,varchar,True
BaseApp,Sys_Modules,MainController,varchar,True
BaseApp,Sys_Modules,ModuleView,nvarchar,True
BaseApp,Sys_Modules,Description,nvarchar,True
BaseApp,Sys_Modules,Icon,varchar,True
BaseApp,Sys_Modules,Creator,nvarchar,True
BaseApp,Sys_Modules,CreateDated,datetime,True
BaseApp,Sys_Modules,Updater,nvarchar,True
BaseApp,Sys_Modules,UpdateDated,datetime,True
BaseApp,Sys_Modules,Deleted,bit,False
BaseApp,Sys_PermissionModule,UserId,int,False
BaseApp,Sys_PermissionModule,ModuleId,int,False
BaseApp,Sys_Permissions,PermissionId,int,False
BaseApp,Sys_Permissions,RoleId,int,True
BaseApp,Sys_Permissions,FunctionId,int,True
BaseApp,Sys_Permissions,Action,varchar,True
BaseApp,Sys_ProcedureLogs,LogDate,smalldatetime,False
BaseApp,Sys_ProcedureLogs,ProcedureName,nvarchar,True
BaseApp,Sys_ProcedureLogs,ErrorLine,int,True
BaseApp,Sys_ProcedureLogs,ErrorMessage,nvarchar,True
BaseApp,Sys_ProcedureLogs,AdditionalInfo,nvarchar,True
BaseApp,Sys_Roles,RoleId,int,False
BaseApp,Sys_Roles,Name,nvarchar,False
BaseApp,Sys_Roles,IsDeleted,bit,False
BaseApp,Sys_UserActiveLogs,UserName,varchar,False
BaseApp,Sys_UserActiveLogs,LoginOn,datetime,False
BaseApp,Sys_UserActiveLogs,LastLoginTime,datetime,True
BaseApp,Sys_UserActiveLogs,IP,varchar,True
BaseApp,Sys_UserActiveLogs,Header,nvarchar,True
BaseApp,Sys_UserLogs,UserId,int,False
BaseApp,Sys_UserLogs,OfficeName,varchar,True
BaseApp,Sys_UserLogs,FullName,nvarchar,True
BaseApp,Sys_UserLogs,UserName,varchar,False
BaseApp,Sys_UserLogs,Email,varchar,True
BaseApp,Sys_UserLogs,Password,varchar,True
BaseApp,Sys_UserLogs,Salt,varchar,True
BaseApp,Sys_UserLogs,IsActive,bit,False
BaseApp,Sys_UserLogs,Reason,nvarchar,False
BaseApp,Sys_UserLogs,ActionType,varchar,False
BaseApp,Sys_UserLogs,CreatedBy,varchar,False
BaseApp,Sys_UserLogs,CreatedDate,datetime,False
BaseApp,Sys_UserPasswordStatus,UserId,int,False
BaseApp,Sys_UserPasswordStatus,MustChangePassword,bit,False
BaseApp,Sys_UserPasswordStatus,Reason,nvarchar,True
BaseApp,Sys_UserPasswordStatus,UpdatedBy,varchar,True
BaseApp,Sys_UserPasswordStatus,UpdatedDate,datetime,False
BaseApp,Sys_UserRoles,UserId,int,False
BaseApp,Sys_UserRoles,RoleId,int,False
BaseApp,Sys_Users,UserId,int,False
BaseApp,Sys_Users,OfficeName,varchar,True
BaseApp,Sys_Users,FullName,nvarchar,True
BaseApp,Sys_Users,UserName,varchar,False
BaseApp,Sys_Users,Email,varchar,True
BaseApp,Sys_Users,Password,varchar,False
BaseApp,Sys_Users,Salt,varchar,False
BaseApp,Sys_Users,IsActive,bit,False
BaseApp,Sys_Users,CreatedDate,datetime,False
BaseApp,Sys_Users,IsOnline,bit,True
BaseApp,Sys_Users,IsDeleted,bit,False
BaseApp,Sys_Users,IMEI,nvarchar,True
BaseApp,Sys_Users,LastTimeLoginOnMobile,datetime,True
BaseApp,Sys_Users,LockedDate,datetime,True
BaseApp,Sys_Users,IsLocked,bit,False
BaseApp,Sys_Users,AccessFailedCount,int,False
BaseApp,Sys_Users_BAK,UserId,int,False
BaseApp,Sys_Users_BAK,OfficeName,varchar,True
BaseApp,Sys_Users_BAK,FullName,nvarchar,True
BaseApp,Sys_Users_BAK,UserName,varchar,False
BaseApp,Sys_Users_BAK,Email,varchar,True
BaseApp,Sys_Users_BAK,Password,varchar,False
BaseApp,Sys_Users_BAK,Salt,varchar,False
BaseApp,Sys_Users_BAK,IsActive,bit,False
BaseApp,Sys_Users_BAK,CreatedDate,datetime,False
BaseApp,Sys_Users_BAK,IsOnline,bit,True
BaseApp,Sys_Users_BAK,IsDeleted,bit,False
BaseApp,Sys_Users_BAK,IMEI,nvarchar,True
BaseApp,Sys_Users_BAK,LastTimeLoginOnMobile,datetime,True
BaseApp,Sys_Users_BAK,LockedDate,datetime,True
BaseApp,Sys_Users_BAK,IsLocked,bit,False
BaseApp,Sys_Users_BAK,AccessFailedCount,int,False
BaseApp,XaPhuongMoi,STT,float,True
BaseApp,XaPhuongMoi,Mã tỉnh (BNV),nvarchar,True
BaseApp,XaPhuongMoi,Tên tỉnh/TP mới,nvarchar,True
BaseApp,XaPhuongMoi,Mã tỉnh (TMS),nvarchar,True
BaseApp,XaPhuongMoi,Mã Quận huyện TMS (cũ) CQT đã rà soát,float,True
BaseApp,XaPhuongMoi,Tên Quận huyện TMS (cũ),nvarchar,True
BaseApp,XaPhuongMoi,Số tự tăng,float,True
BaseApp,XaPhuongMoi,Mã phường/xã mới ,float,True
BaseApp,XaPhuongMoi,Tên Phường/Xã mới,nvarchar,True
BaseApp,XaPhuongMoi,Trạng thái rà soát cuối,nvarchar,True
ReportTourismDB,DataReport_Imports,ReportId,int,False
ReportTourismDB,DataReport_Imports,EnterpriseId,int,False
ReportTourismDB,DataReport_Imports,ForMonth,date,False
ReportTourismDB,DataReport_Imports,TypeReport,int,True
ReportTourismDB,DataReport_Imports,TypeReportName,nvarchar,True
ReportTourismDB,DataReport_Imports,Targets,nvarchar,True
ReportTourismDB,DataReport_Imports,Unit,nvarchar,True
ReportTourismDB,DataReport_Imports,Code,varchar,True
ReportTourismDB,DataReport_Imports,PerformPreviousPeriod,float,True
ReportTourismDB,DataReport_Imports,PerformInPeriod,float,True
ReportTourismDB,DataReport_Imports,AccumulatedBeginingOfYear,float,True
ReportTourismDB,DataReport_Imports,ComparedSamePeriodLastYear,float,True
ReportTourismDB,DataReport_Imports,IsDeleted,bit,False
ReportTourismDB,DataReport_Imports,IsLate,bit,False
ReportTourismDB,DataReport_Imports,CreatedBy,varchar,False
ReportTourismDB,DataReport_Imports,CreatedDate,datetime,False
ReportTourismDB,DataReport_Imports,LastModifiedBy,varchar,True
ReportTourismDB,DataReport_Imports,LastModifiedDate,datetime,True
ReportTourismDB,Report_DataImports,ReportId,bigint,False
ReportTourismDB,Report_DataImports,EnterpriseId,int,False
ReportTourismDB,Report_DataImports,ForMonth,date,False
ReportTourismDB,Report_DataImports,TypeReport,int,True
ReportTourismDB,Report_DataImports,TypeReportName,nvarchar,True
ReportTourismDB,Report_DataImports,Index,int,True
ReportTourismDB,Report_DataImports,Level,varchar,True
ReportTourismDB,Report_DataImports,Targets,nvarchar,True
ReportTourismDB,Report_DataImports,Unit,nvarchar,True
ReportTourismDB,Report_DataImports,Code,varchar,True
ReportTourismDB,Report_DataImports,PerformPreviousPeriod,float,True
ReportTourismDB,Report_DataImports,PerformInPeriod,float,True
ReportTourismDB,Report_DataImports,AccumulatedBeginingOfYear,float,True
ReportTourismDB,Report_DataImports,ComparedSamePeriodLastYear,float,True
ReportTourismDB,Report_DataImports,IsDeleted,bit,False
ReportTourismDB,Report_DataImports,IsLate,bit,False
ReportTourismDB,Report_DataImports,CreatedBy,varchar,False
ReportTourismDB,Report_DataImports,CreatedDate,datetime,False
ReportTourismDB,Report_DataImports,LastModifiedBy,varchar,True
ReportTourismDB,Report_DataImports,LastModifiedDate,datetime,True
ReportTourismDB,Report_DataImports,ForMonthInt,int,True
ReportTourismDB,Report_DataImports_BK_20260930,ReportId,bigint,False
ReportTourismDB,Report_DataImports_BK_20260930,EnterpriseId,int,False
ReportTourismDB,Report_DataImports_BK_20260930,ForMonth,date,False
ReportTourismDB,Report_DataImports_BK_20260930,TypeReport,int,True
ReportTourismDB,Report_DataImports_BK_20260930,TypeReportName,nvarchar,True
ReportTourismDB,Report_DataImports_BK_20260930,Index,int,True
ReportTourismDB,Report_DataImports_BK_20260930,Level,varchar,True
ReportTourismDB,Report_DataImports_BK_20260930,Targets,nvarchar,True
ReportTourismDB,Report_DataImports_BK_20260930,Unit,nvarchar,True
ReportTourismDB,Report_DataImports_BK_20260930,Code,varchar,True
ReportTourismDB,Report_DataImports_BK_20260930,PerformPreviousPeriod,float,True
ReportTourismDB,Report_DataImports_BK_20260930,PerformInPeriod,float,True
ReportTourismDB,Report_DataImports_BK_20260930,AccumulatedBeginingOfYear,float,True
ReportTourismDB,Report_DataImports_BK_20260930,ComparedSamePeriodLastYear,float,True
ReportTourismDB,Report_DataImports_BK_20260930,IsDeleted,bit,False
ReportTourismDB,Report_DataImports_BK_20260930,IsLate,bit,False
ReportTourismDB,Report_DataImports_BK_20260930,CreatedBy,varchar,False
ReportTourismDB,Report_DataImports_BK_20260930,CreatedDate,datetime,False
ReportTourismDB,Report_DataImports_BK_20260930,LastModifiedBy,varchar,True
ReportTourismDB,Report_DataImports_BK_20260930,LastModifiedDate,datetime,True
ReportTourismDB,Report_DataImports_BK_20260930,ForMonthInt,int,True
ReportTourismDB,Report_ExtendInfos,Id,int,False
ReportTourismDB,Report_ExtendInfos,ForMonth,datetime,False
ReportTourismDB,Report_ExtendInfos,TotalGuestViaShip,int,False
ReportTourismDB,Report_ExtendInfos,CreatedBy,varchar,False
ReportTourismDB,Report_ExtendInfos,CreatedDate,datetime,False
ReportTourismDB,Report_ExtendInfos,LastModifiedBy,varchar,True
ReportTourismDB,Report_ExtendInfos,LastModifiedDate,datetime,True
ReportTourismDB,Report_ReportFiles,EnterpriseId,int,False
ReportTourismDB,Report_ReportFiles,ForMonth,date,False
ReportTourismDB,Report_ReportFiles,ReportFile,nvarchar,True
ReportTourismDB,Report_ReportFiles,IsDeleted,bit,False
ReportTourismDB,Report_ReportFiles,IsLate,bit,False
ReportTourismDB,Report_ReportFiles,Reason,nvarchar,True
ReportTourismDB,Report_ReportFiles,CreatedBy,varchar,False
ReportTourismDB,Report_ReportFiles,CreatedDate,datetime,False
ReportTourismDB,Report_ReportFiles,LastModifiedBy,varchar,True
ReportTourismDB,Report_ReportFiles,LastModifiedDate,datetime,True
ReportTourismDB,ReportDynamicGroupRule,RuleId,int,False
ReportTourismDB,ReportDynamicGroupRule,TypeReport,int,False
ReportTourismDB,ReportDynamicGroupRule,ParentCode,nvarchar,False
ReportTourismDB,ReportDynamicGroupRule,CodePattern,nvarchar,False
ReportTourismDB,ReportDynamicGroupRule,IndentLevel,tinyint,False
ReportTourismDB,ReportTargetConfig,TypeReport,int,False
ReportTourismDB,ReportTargetConfig,Code,nvarchar,False
ReportTourismDB,ReportTargetConfig,TT,nvarchar,True
ReportTourismDB,ReportTargetConfig,ParentCode,nvarchar,True
ReportTourismDB,ReportTargetConfig,Targets,nvarchar,False
ReportTourismDB,ReportTargetConfig,Unit,nvarchar,True
ReportTourismDB,ReportTargetConfig,DisplayOrder,int,False
ReportTourismDB,ReportTargetConfig,IndentLevel,tinyint,False
ReportTourismDB,ReportTargetConfig,IsItalic,bit,False
